SP500,GOLD,IYR
1206.07,1387.1,54.5
1221.53,1384.65,55.24
1224.71,1415.05,55.32
1223.12,1423.55,55.35
1223.75,1401.89,55.53
1228.28,1382.1,54.7
1233,1387.64,54.11
1240.4,1386.05,54.67
1240.46,1393.76,54.81
1241.59,1396.25,54.25
1235.23,1379.8,53.65
1242.87,1369.7,53.79
1243.91,1375.41,54.21
1247.08,1384.65,54.83
1254.6,1385.74,55.43
1258.84,1385,55.22
1256.77,1380.35,55.05
1257.54,1384.1,55.49
1258.51,1406.39,55.71
1259.78,1410.95,55.96
1257.88,1404.45,56.03
1257.64,1421.45,55.96
1271.87,1414.3,56.83
1270.2,1380.6,55.82
1276.56,1377.48,56.05
1273.85,1371.4,55.75
1271.5,1369.6,55.73
1269.75,1375.05,55.71
1274.48,1382.45,55.61
1285.96,1386.5,55.86
1283.76,1374.36,56.02
1293.24,1361.85,56.4
1295.02,1367.76,56.93
1281.92,1370.2,56.25
1280.26,1345.85,56.13
1283.35,1342.51,56.35
1290.84,1334.7,56.63
1291.18,1333.75,57.23
1296.63,1345.89,57.39
1299.54,1311.49,58.19
1276.34,1335.35,57.28
1286.12,1332.19,57.96
1307.59,1340.6,58.23
1304.03,1336.8,58.24
1307.1,1353.2,58.39
1310.87,1349.25,57.86
1319.05,1349.1,58.51
1324.57,1364,58.66
1320.88,1362.95,58.8
1321.87,1362.01,58.99
1329.15,1356.1,59.36
1332.32,1362.31,59.35
1328.01,1373.4,59.15
1336.32,1375.11,59.32
1340.43,1383.67,59.4
1343.01,1387.3,59.63
1315.44,1398.15,59.09
1307.4,1410.45,58.62
1306.1,1400.25,58.3
1319.88,1409.25,59.34
1327.22,1411.65,60.58
1306.33,1433.85,58.95
1308.44,1434.95,58.48
1330.97,1416.4,59.32
1321.15,1429.3,58.81
1310.13,1433.17,58.43
1321.82,1428.89,59.16
1320.02,1429.5,59.19
1295.11,1413.45,58.27
1304.28,1417.4,58.93
1296.39,1428.65,58.53
1281.87,1395.95,58.06
1256.88,1401.3,57.3
1273.72,1404.4,57.78
1279.21,1419.55,58.29
1298.38,1427.05,58.93
1293.77,1428.55,58.4
1297.54,1438.2,57.96
1309.66,1431.1,58.23
1313.8,1429.65,58.02
1310.19,1420.65,58.02
1319.44,1418.8,58.28
1328.26,1423.88,58.96
1325.83,1432,59.4
1332.41,1428.38,59.54
1332.87,1436.94,59.49
1332.63,1451.1,59.59
1335.54,1457.5,59.51
1333.51,1458.5,58.89
1328.17,1475.1,58.45
1324.46,1463.4,58.39
1314.16,1453.6,58.27
1314.41,1457.75,58.2
1314.52,1474.9,58.99
1319.68,1486.5,59.64
1305.14,1495.51,59.05
1312.62,1495.1,59.51
1330.36,1502.35,60.2
1337.38,1504.35,60.63
1335.25,1507.25,60.93
1347.24,1507.05,61.5
1355.66,1526.9,61.78
1360.48,1535.45,62.47
1363.61,1565.6,62.17
1361.22,1545,62.16
1356.62,1536.83,61.74
1347.32,1515.95,61.4
1335.1,1473.65,61.31
1340.2,1495.25,60.98
1346.29,1513.05,61.22
1357.16,1515.72,62.07
1342.08,1500.25,61.38
1348.65,1502.85,61.37
1337.77,1494.55,60.81
1329.47,1489.7,60.95
1328.98,1486.85,60.86
1340.68,1497,61.54
1343.6,1493.6,61.66
1333.27,1513.55,61.03
1317.37,1517.2,60.39
1316.28,1526.4,60.57
1320.47,1525.95,60.82
1325.69,1519.05,61.61
1331.1,1536.65,61.72
1345.2,1535.35,62.8
1314.55,1540.7,61.03
1312.94,1533.9,60.68
1300.16,1542.5,60.9
1286.17,1544,60.03
1284.94,1544.25,60.75
1279.56,1537.55,60.46
1289,1544.35,59.9
1270.98,1531.9,58.48
1271.83,1515.23,58.59
1287.87,1524.1,59.51
1265.42,1530.7,58.53
1267.64,1528.85,58.94
1271.5,1539.5,59.44
1278.36,1540.45,60.07
1295.52,1546.2,60.6
1287.14,1547.8,60.47
1283.5,1520.85,59.36
1268.45,1502.15,58.76
1280.1,1497,59.07
1296.67,1501,59.56
1307.41,1512.05,60.22
1320.64,1500.1,60.3
1339.67,1486.5,61.38
1337.88,1516.3,61.76
1339.22,1529.5,62.14
1353.22,1532.55,62.92
1343.8,1544.25,62.7
1319.49,1554.1,61.52
1313.64,1567.2,61.73
1317.72,1582.25,61.21
1308.87,1587.25,60.53
1316.14,1594.1,61.19
1305.44,1605.4,60.64
1326.73,1588.35,61.69
1325.84,1602.1,62.15
1343.8,1589.9,62.55
1345.02,1599.25,62.87
1337.43,1614.55,62.16
1331.94,1619.3,62.16
1304.89,1613.5,60.49
1300.67,1616.85,60.4
1292.28,1626.64,60.43
1286.94,1620.1,59.63
1254.05,1659.75,57.88
1260.34,1661.2,57.52
1200.07,1648.4,54.74
1199.38,1665,53.61
1119.46,1717.35,49.05
1172.53,1743.9,53.59
1120.76,1795,52.33
1172.64,1767.9,54.77
1178.81,1746.6,54.69
1204.49,1765.5,56.64
1192.76,1786.3,56.43
1193.89,1788.65,56.5
1140.65,1824.35,54.07
1123.53,1852.45,52.99
1123.82,1898.1,53.09
1162.35,1830.15,54.4
1177.6,1751.05,55.01
1159.27,1771.6,53.85
1176.8,1828.55,54.65
1210.08,1788.45,56.39
1212.92,1835.3,56.61
1218.89,1823.8,57.22
1204.42,1825.05,56.26
1173.97,1884.2,54.9
1165.24,1873.72,54.78
1198.62,1816.96,56.62
1185.9,1868.76,56.21
1154.23,1857.81,54.63
1162.27,1813.75,54.8
1172.87,1833.8,54.85
1188.68,1819.7,55.16
1209.11,1789.14,56.23
1216.01,1811.95,56.69
1204.09,1778.75,55.57
1202.09,1803.75,55.41
1166.76,1781.79,52.76
1129.56,1735.83,51.43
1136.43,1656.59,51.29
1162.95,1627.35,51.94
1175.38,1649.95,52.49
1151.06,1608.8,51.18
1160.4,1614.55,51.94
1131.42,1623.75,50.57
1099.23,1660.95,48.19
1123.95,1624.3,50.01
1144.03,1640.9,49.63
1164.97,1650.63,51
1155.46,1639.45,49.56
1194.89,1675.44,51.95
1195.54,1663.1,50.99
1207.25,1677.2,51.82
1203.66,1666.7,51.46
1224.58,1679.95,52.65
1200.86,1670.65,51.44
1225.38,1655.15,53.14
1209.88,1641.8,52.48
1215.39,1619.1,52.8
1238.25,1641.02,54.36
1254.19,1652.68,55.8
1229.05,1705.35,54.94
1242,1725.75,55.45
1284.59,1744.45,57.82
1285.09,1742.95,58
1253.3,1715.25,57.24
1218.28,1720.3,55.31
1237.9,1737,56.43
1261.15,1763.15,57.07
1253.23,1754.15,56.64
1261.12,1795.86,56.78
1275.92,1785,57.46
1229.1,1772.24,54.88
1239.69,1759.2,54.93
1263.85,1788.99,56.35
1251.78,1781,55.22
1257.81,1781.4,55.7
1236.91,1762.35,55.17
1216.13,1719.1,54.18
1215.65,1723.05,54.57
1192.98,1680.85,53.13
1188.04,1699.2,52.98
1161.79,1693.3,51.42
1158.67,1680.13,51.6
1192.55,1712.3,52.86
1195.19,1716.75,52.71
1246.96,1745.7,55.14
1244.58,1745.25,54.58
1244.28,1745.25,54.67
1257.08,1721.64,55.18
1258.47,1728.2,55.14
1261.01,1742.1,55.66
1234.35,1708.8,54.33
1255.19,1711.1,55.41
1236.47,1666.3,54.42
1225.73,1632.1,53.94
1211.82,1575.1,54.25
1215.75,1570.7,54.99
1219.66,1597.95,55.45
1205.35,1594.1,54.91
1241.3,1615.65,56.57
1243.72,1615.15,56.65
1254,1604.7,56.83
1265.33,1606.6,57.11
1265.43,1592.9,57.24
1249.64,1553,56.62
1263.02,1546.7,57.09
1257.6,1564.3,56.81
1277.06,1604.14,57.16
1277.3,1612.4,56.52
1281.06,1623,56.93
1277.81,1616.85,56.83
1280.7,1611.5,56.67
1292.08,1631.56,57.3
1292.48,1641.8,57.81
1295.5,1650.1,57.43
1289.09,1639.35,57.69
1293.67,1651.74,57.99
1308.04,1661.25,58.36
1314.5,1657.6,58.73
1315.38,1666.9,59.01
1316,1677,59.19
1314.65,1665.2,59.52
1326.05,1711.9,60.28
1318.43,1721.5,60.63
1316.33,1738.89,60.78
1313.01,1730.05,60.25
1312.41,1739.43,60.56
1324.09,1743.6,61.01
1325.54,1759.99,61.14
1344.9,1725.3,62.02
1344.33,1720.3,61.72
1347.05,1746.5,61.67
1349.96,1733.55,61.71
1351.95,1729.6,61.26
1342.64,1719.85,60.75
1351.77,1722.5,61.44
1350.5,1720.1,60.83
1343.23,1729.01,60.53
1358.04,1728.7,61.03
1361.23,1722.45,61.13
1362.21,1759.15,60.37
1357.66,1777.55,59.88
1363.46,1780.1,60.58
1365.74,1773.49,60.75
1367.59,1766.3,60.68
1372.18,1785.85,60.22
1365.68,1695.2,60.14
1374.09,1716.55,60.46
1369.63,1712.3,60.44
1364.33,1706.7,60.93
1343.36,1674,60.11
1352.63,1684.95,60.37
1365.91,1700.65,60.23
1370.87,1713.09,60.51
1371.09,1700.53,60.93
1395.95,1675.5,62.02
1394.28,1643.6,61.87
1402.6,1658.23,61.83
1404.17,1660.65,62.2
1409.75,1664.55,62.57
1405.52,1650.35,62.42
1402.89,1650.5,62.28
1392.78,1644.85,61.54
1397.11,1662.26,61.79
1416.51,1689.98,61.89
1412.52,1680.05,61.86
1405.54,1662.18,61.72
1403.28,1661.38,61.78
1408.47,1668.9,62.3
1419.04,1677.75,62.7
1413.38,1645.33,62.41
1398.96,1620.23,61.78
1398.08,1631.25,61.51
1382.2,1641.28,60.92
1358.59,1660.35,59.74
1368.71,1657.95,60.45
1387.57,1675.48,61.31
1370.26,1659,60.99
1369.57,1652.1,61.7
1390.78,1649.9,62.23
1385.14,1642.07,61.9
1376.92,1643.6,61.87
1378.53,1642.7,62.52
1366.94,1638.7,61.94
1371.97,1641,62.73
1390.69,1644.7,63.42
1399.98,1656.9,63.69
1403.36,1662.05,64
1397.91,1664.36,63.91
1405.82,1662.1,64.47
1402.31,1653.5,64.37
1391.57,1635.76,64.15
1369.1,1642.83,63.66
1369.58,1639.15,64.02
1363.72,1605,63.96
1354.58,1589.34,63.81
1357.99,1593.66,63.75
1353.39,1580.05,64.02
1338.35,1556.85,63.24
1330.66,1544.45,62.93
1324.8,1540.05,62.16
1304.86,1574,60.44
1295.22,1593.09,59.82
1315.99,1592.65,61.05
1316.63,1568.95,61.18
1318.86,1562,61.44
1320.68,1559,61.63
1317.82,1573.45,61.45
1332.42,1555.75,62.29
1313.32,1562.45,60.84
1310.33,1560.7,61.22
1278.04,1626.25,59.67
1278.18,1618.4,59.25
1285.5,1617.1,60.42
1315.13,1620.4,61.71
1314.99,1589,61.41
1325.66,1594.45,62.18
1308.93,1596.45,60.96
1324.18,1610.05,61.53
1314.88,1618.35,61.24
1329.1,1623.32,62.07
1342.84,1626.76,62.46
1344.78,1628.4,62.95
1357.98,1618.07,62.69
1355.69,1605.9,62.61
1325.51,1565.3,61.63
1335.02,1572.15,61.68
1313.72,1584.6,61.34
1319.99,1572.15,61.61
1331.85,1574.3,62
1329.04,1551.9,62.52
1362.16,1598.6,63.94
1365.51,1596.35,64.62
1374.02,1616.65,64.98
1367.58,1604.75,64.68
1354.68,1582.9,64.77
1352.46,1587.15,64.9
1341.47,1566.5,64.13
1341.45,1576.9,64.23
1334.76,1572.4,64.51
1356.78,1589.05,65.21
1353.64,1589.35,65.46
1363.67,1582.75,66.01
1372.78,1573.8,65.5
1376.51,1582.05,64.95
1362.66,1583.63,64.73
1350.52,1576.9,64.34
1338.31,1580.5,64.08
1337.89,1605.38,64.07
1360.02,1616.2,64.59
1385.97,1623.28,65.32
1385.3,1621.1,65.5
1379.32,1613.9,65.43
1375.14,1599.2,65.24
1365,1590.35,65.31
1390.99,1604.3,65.79
1394.23,1611,65.6
1401.35,1611.18,64.92
1402.22,1611.9,64.53
1402.8,1617.7,64.34
1405.87,1620.05,64.48
1404.11,1610.15,64.46
1403.93,1598.65,64.43
1405.53,1603.38,64.61
1415.51,1614.8,65.08
1418.16,1615.8,65.05
1418.13,1620.7,65
1413.17,1638.5,65
1413.49,1654,64.94
1402.08,1670.65,64.77
1411.13,1670.35,65.02
1410.44,1664.1,65.16
1409.3,1667.03,65.42
1410.49,1656.55,65.44
1399.48,1656.15,65.37
1406.58,1691.15,65.63
1404.94,1696.4,65.96
1403.44,1693.65,65.92
1432.12,1701.65,66.44
1437.92,1736.5,66.56
1429.08,1725.8,66.13
1433.56,1731.75,66.39
1436.56,1731.5,66.64
1459.99,1766.9,67.45
1465.77,1772.48,67.8
1461.19,1761.45,67.48
1459.32,1770.95,66.9
1461.05,1769.8,66.59
1460.26,1766.7,65.81
1460.15,1773.05,65.79
1456.89,1764.15,65.72
1441.59,1760.65,64.24
1433.32,1752.2,64.18
1447.15,1777.9,64.53
1440.67,1771.22,64.38
1444.49,1774.4,63.92
1445.75,1778,64.46
1450.99,1779.15,64.65
1461.4,1790.55,64.41
1460.93,1780.98,64.69
1455.88,1774.9,64.42
1441.48,1764.15,64.14
1432.56,1762.55,64.22
1432.84,1768.8,64.23
1428.59,1754.25,63.95
1440.13,1736.1,64.38
1454.92,1747.8,64.68
1460.91,1750.3,64.78
1457.34,1741.7,65.39
1433.19,1720.9,64.78
1433.82,1729.45,64.55
1413.11,1708.7,63.9
1408.75,1702.43,63.94
1412.97,1711.8,63.66
1411.94,1711.35,63.29
1412.16,1720.55,64
1427.59,1714.7,64.07
1414.2,1677.85,64.5
1417.26,1684.6,64.02
1428.39,1715.95,64.16
1394.53,1716.69,63.84
1377.51,1730.99,63.19
1379.85,1731.24,62.98
1380.03,1728.35,62.88
1374.53,1725.5,62.68
1355.49,1726.45,61.46
1353.33,1715.8,61.19
1359.88,1713.7,61.89
1386.89,1731.94,62.47
1387.81,1728.65,62.86
1391.03,1729.11,62.82
1409.15,1753,63.33
1406.29,1749.1,63.42
1398.94,1742.05,63.08
1409.93,1719.69,62.97
1415.95,1725.4,63.38
1416.18,1714.8,63.63
1409.46,1715.25,63.81
1407.05,1697.35,63.73
1409.28,1693.99,63.56
1413.94,1699.14,64.12
1418.07,1703.65,64.38
1418.55,1710.25,64.38
1427.84,1710.1,64.46
1428.48,1711.95,64.42
1419.45,1697.3,63.99
1413.58,1695.47,63.91
1430.36,1697.93,64.31
1446.79,1670.15,64.97
1435.81,1666.94,64.09
1443.69,1647.75,64.82
1430.15,1656.99,64.62
1426.66,1657.48,64.71
1419.83,1660.14,64.39
1418.1,1663.9,64.47
1402.43,1655.4,64.08
1426.19,1674.95,64.67
1462.42,1686.75,65.72
1459.37,1663.35,65.72
1466.47,1656.85,66.12
1461.89,1647.25,66.22
1457.15,1659,66.09
1461.02,1657.9,66.34
1472.12,1675.25,66.5
1472.05,1663.05,66.49
1470.68,1667.2,66.59
1472.34,1678.9,66.9
1472.63,1679.5,66.83
1480.94,1687.64,66.98
1485.98,1683.95,67.38
1492.56,1692.1,67.72
1494.81,1685.75,67.73
1494.82,1667.74,67.81
1502.96,1658.69,68.09
1500.18,1654.95,68.16
1507.84,1663.85,68.29
1501.96,1677.1,67.66
1498.11,1663.6,67.27
1513.17,1667.15,67.72
1495.71,1674.4,67.58
1511.29,1673,67.49
1512.12,1677.49,67.61
1509.39,1671.3,67.29
1517.93,1667.5,67.96
1517.01,1649.74,68.03
1519.43,1650.8,68.43
1520.33,1642.74,68.4
1521.38,1634.85,68.13
1519.79,1609.44,68.21
1530.94,1604.6,68.68
1511.95,1562.9,68.1
1502.42,1576.05,67.57
1515.6,1580.7,68.15
1487.85,1594.24,67
1496.94,1613.49,67.59
1515.99,1597.6,68.11
1514.68,1580.14,68.12
1518.2,1575.24,68.25
1525.2,1573.95,68.76
1539.79,1575.44,69.29
1541.46,1583.69,69.03
1544.26,1578.9,68.78
1551.18,1578.35,68.82
1556.22,1581,69.09
1552.48,1592.7,68.84
1554.52,1587.8,68.86
1563.23,1590.3,69.23
1560.7,1592.45,69.26
1552.1,1605.3,69.07
1548.34,1613.4,68.58
1558.71,1606.5,68.98
1545.8,1614.7,68.75
1556.89,1608.45,69.17
1551.69,1605.4,68.54
1563.77,1599.2,69.05
1562.85,1605.4,69.16
1569.19,1596.74,69.48
1562.17,1598.9,69.7
1570.25,1575.85,69.88
1553.69,1557.85,69.51
1559.98,1553.32,70.53
1553.28,1582,70.72
1563.07,1573.7,71.38
1568.61,1585.2,71.41
1587.73,1558.75,71.83
1593.37,1561.35,72.18
1588.85,1478.85,72.6
1552.36,1353.25,70.79
1574.57,1368.9,71.91
1552.01,1377,71.04
1541.61,1391.25,71.04
1555.25,1404.35,71.86
1562.5,1426.25,71.96
1578.78,1413.35,72.38
1578.79,1431.3,72.61
1585.16,1467.85,72.52
1582.24,1463,72.19
1593.61,1476.65,72.75
1597.57,1477.1,73.46
1582.7,1457.6,72.96
1597.59,1467.1,73.24
1614.42,1470.7,73.3
1617.5,1469.5,73.59
1625.96,1452.6,74.02
1632.69,1472.8,74.2
1626.67,1458.2,73.82
1633.7,1448.2,73.84
1633.77,1430.55,73.95
1650.34,1426,74.34
1658.78,1392.9,75
1650.47,1386.3,74.76
1667.47,1359.2,75.23
1666.29,1394.15,75.19
1669.16,1376.3,75.54
1655.35,1369.4,73.67
1650.51,1391.2,72.64
1649.6,1386.05,72.36
1660.06,1380.85,71.64
1648.36,1392.95,70.21
1654.41,1413.75,69.54
1630.74,1386.9,68.69
1640.42,1411.6,68.86
1631.38,1399.9,68.06
1608.9,1403.3,67.33
1622.56,1413.65,68.59
1643.38,1384.47,68.55
1642.81,1386.9,67.95
1626.13,1379.6,66.91
1612.52,1388.4,65.93
1636.36,1386.05,67.94
1626.73,1390.7,68.11
1639.04,1384.85,68.2
1651.81,1368.4,68.31
1628.93,1351.3,66.26
1588.19,1278,63.67
1592.43,1297.25,64.42
1573.09,1281.9,64.01
1588.03,1277.35,65.19
1603.26,1226.35,65.55
1613.2,1200.75,66.72
1606.28,1234.25,66.43
1614.96,1253.3,66.08
1614.08,1242.5,66.85
1615.41,1252.3,66.56
1631.89,1223.8,65.86
1640.46,1237,66.12
1652.32,1249.95,66.96
1652.62,1264.25,66.96
1675.02,1285.3,68.81
1680.19,1284.9,68.36
1682.5,1282.6,68.61
1676.26,1292.6,68.5
1680.91,1276,68.86
1689.37,1285.1,69.29
1692.09,1296.35,69.22
1695.53,1335.9,69.42
1692.39,1348.1,69.39
1685.94,1321.3,68.04
1690.25,1333.65,67.96
1691.65,1333.9,68.14
1685.33,1327.6,67.6
1685.96,1327.3,67.52
1685.73,1323.1,66.59
1706.87,1308.95,66.22
1709.67,1312,65.93
1707.14,1303.95,65.89
1697.37,1281.9,65.66
1690.91,1287.75,65.39
1697.48,1312,65.45
1691.42,1314.5,66.07
1689.47,1336.4,65.53
1694.16,1321.3,64.63
1685.39,1335.2,64.49
1661.32,1366.05,63.27
1655.83,1376.4,61.81
1646.06,1365.98,60.97
1652.35,1371.17,62.4
1642.8,1366.35,62.27
1656.96,1375.85,62.62
1663.5,1396.85,63.35
1656.78,1404.9,63.11
1630.48,1416.65,62.92
1634.96,1418.5,62.62
1638.17,1408.25,62.72
1632.97,1396.4,62.24
1639.77,1412.65,61.72
1653.08,1391.45,62.16
1655.08,1367.85,61.63
1655.17,1391.61,62.76
1671.71,1387.05,64
1683.99,1364.45,63.92
1689.13,1366.75,64.36
1683.42,1321.05,63.94
1687.99,1326.72,64.09
1697.6,1314,64.72
1704.76,1309.65,64.67
1725.52,1365.15,66.93
1722.34,1365,66.67
1709.91,1325.38,65.51
1701.84,1322.15,65.1
1697.42,1323.2,64.07
1692.77,1333.6,64.29
1698.67,1323.7,64.68
1691.75,1336.2,64.44
1681.55,1327.55,63.79
1695,1286.6,64.76
1693.87,1315.25,64.8
1678.66,1317.3,63.8
1690.5,1311.35,63.57
1676.12,1321.79,63.85
1655.45,1318.8,63.12
1656.4,1307.2,63.1
1692.56,1286.24,64.61
1703.2,1273.11,65.23
1710.14,1273.4,65.21
1698.06,1280.8,65
1721.54,1281.6,66.18
1733.15,1319.7,67.2
1744.5,1316.24,67.07
1744.66,1315.75,66.72
1754.67,1340.65,67.43
1746.38,1332.35,67.57
1752.07,1347.15,67.51
1759.77,1352.13,68.18
1762.11,1352.2,67.71
1771.95,1344.3,67.14
1763.31,1342.8,66.65
1756.54,1323.8,66.17
1761.64,1315.35,66.59
1767.93,1314.74,66.68
1762.97,1311.6,65.67
1770.49,1318.4,65.66
1747.15,1307.95,64.86
1770.61,1288.2,63.99
1771.89,1283.28,63.94
1767.69,1267.99,63.72
1782,1278.99,64.17
1790.62,1287.39,64.68
1798.18,1290.05,64.84
1791.53,1274.35,64.39
1787.87,1275.25,63.9
1781.37,1243.2,63.34
1795.85,1242.75,63.68
1804.76,1243.6,63.49
1802.48,1252.6,63.22
1802.75,1243.3,63.04
1807.23,1237.4,63.69
1805.81,1253.49,63.1
1800.9,1220.05,62.77
1795.15,1223.89,62.7
1792.81,1243.66,62.84
1785.03,1224.88,62.91
1805.09,1228.85,63.4
1808.37,1240.94,63.81
1802.62,1260.72,63.81
1782.22,1251.75,62.43
1775.5,1223.8,62.01
1775.32,1238.3,62.26
1786.54,1240.57,62.33
1781,1230.1,62.66
1810.65,1218.07,63.76
1809.6,1190.1,62.98
1818.32,1203.25,63.47
1827.99,1198.84,62.97
1833.32,1204.35,63.08
1842.02,1210.7,63.15
1841.4,1213.19,63.23
1841.07,1196.4,63.28
1848.36,1205.55,63.08
1831.98,1224.89,62.98
1831.37,1236.55,63.35
1826.77,1238.05,63.61
1837.88,1232.1,63.83
1837.49,1226.1,63.73
1838.13,1228,63.7
1842.37,1247.1,64.46
1819.2,1253.44,64.04
1838.88,1245.1,64.44
1848.38,1241.74,64.74
1845.89,1242.55,64.89
1838.7,1253.82,64.68
1843.8,1241.49,65.13
1844.86,1236.49,65.3
1828.46,1264.35,65.27
1790.29,1269.25,64.31
1781.56,1257.07,63.92
1792.5,1256.55,64.57
1774.2,1268.4,64.27
1794.19,1243.7,65.05
1782.59,1243.8,65.25
1741.89,1257.64,64.3
1755.2,1255,64.97
1751.64,1258.01,64.95
1773.43,1257.64,65.43
1797.02,1267.06,65.87
1799.84,1274.9,66.47
1819.75,1291.85,66.7
1819.26,1291.25,66.74
1829.83,1302.7,67
1838.63,1318.93,67.27
1840.76,1321.6,67.67
1828.75,1311.8,67.65
1839.78,1322.89,67.53
1836.25,1323.39,67.64
1847.61,1337,67.75
1845.12,1340.75,67.78
1845.16,1330.75,67.97
1854.29,1331.44,67.9
1859.45,1326.4,68.35
1845.73,1350.9,68.4
1873.91,1334.9,69.24
1873.81,1337.39,69.15
1877.03,1351.35,68.82
1878.04,1340.25,68.04
1877.17,1339.15,67.79
1867.63,1349.95,68.16
1868.2,1367.08,68.31
1846.34,1370.6,68.09
1841.13,1382.24,68.11
1858.83,1366.95,68.22
1872.25,1356.25,68.52
1860.77,1331.45,67.31
1872.01,1328.5,67.4
1866.52,1334.55,67.95
1857.44,1309.62,67.55
1865.62,1311.05,67.27
1852.56,1304.1,66.52
1849.04,1291.14,66.84
1857.62,1294,67.28
1872.34,1284.25,67.67
1885.52,1279.15,68.1
1890.9,1289.8,68.11
1888.77,1287.3,67.87
1865.09,1302.7,68.14
1845.04,1296.65,68.21
1851.96,1308.72,68.59
1872.18,1311.9,68.54
1833.08,1318.92,67.93
1815.69,1318.47,67.52
1830.61,1326.4,67.77
1842.98,1302.65,68.49
1862.31,1302.8,68.9
1864.85,1294.85,68.71
1871.89,1290.15,69
1879.55,1283.5,69.23
1875.39,1283.9,69.02
1878.61,1293.85,69.25
1863.4,1303.45,69.01
1869.43,1296.1,69.37
1878.33,1296.48,69.41
1883.95,1291.9,69.72
1883.68,1284.1,70.26
1881.14,1300.32,70.23
1884.66,1309.85,70.48
1867.72,1307.65,70.22
1878.21,1289.55,71.04
1875.63,1289.6,71.08
1878.48,1289.33,71.07
1896.65,1295.8,71.22
1897.45,1293.35,70.8
1888.53,1305.6,70.98
1870.85,1296.35,70.86
1877.86,1293.7,71.38
1885.08,1291.95,71.12
1872.83,1294.25,70.9
1888.03,1291.85,70.62
1892.49,1293.85,70.56
1900.53,1293.11,71.09
1911.91,1263.7,71.52
1909.78,1258.5,71.23
1920.03,1256.05,71.32
1923.57,1251.05,71.67
1924.97,1244.35,71.8
1924.24,1244.65,71.71
1927.88,1243.8,71.78
1940.46,1253.6,72.9
1949.44,1252.73,72.75
1951.27,1252.08,71.97
1950.79,1260.8,71.6
1943.89,1260.74,71.31
1930.11,1273.36,71.1
1936.16,1277,71.28
1937.78,1271.6,70.92
1941.99,1271.5,71
1956.98,1278.4,71.44
1959.48,1320.1,71.99
1962.87,1314.82,72.24
1962.61,1318.1,72.07
1949.98,1318.3,71.5
1959.53,1319.5,71.5
1957.22,1317.95,71.42
1960.96,1315.35,71.85
1960.23,1327.5,71.79
1973.32,1325.75,71.97
1974.62,1327.45,71.89
1985.44,1319.8,71.55
1977.65,1320.2,71.62
1963.71,1318.95,71.84
1972.83,1326.7,72
1964.68,1335.55,72.23
1967.57,1338.15,72.28
1977.1,1307.15,72.61
1973.28,1294.45,72.59
1981.57,1299.37,72.86
1958.12,1318.25,72.43
1978.22,1310.9,73.07
1973.63,1311.9,72.86
1983.53,1307.35,73.17
1987.01,1304.15,73.33
1987.98,1293.35,73.14
1978.34,1308.05,72.73
1978.91,1304.25,73.17
1969.95,1298.75,72.83
1970.07,1295.05,72.76
1930.67,1282.35,71.71
1925.15,1294.1,71.57
1938.99,1288.35,72
1920.21,1288,71.36
1920.24,1306.25,71.49
1909.57,1313.55,71.6
1931.59,1309.6,72.14
1936.92,1308.1,72.54
1933.75,1308.6,72.33
1946.72,1312.86,73.23
1955.18,1313.24,73.21
1955.06,1304.6,73.28
1971.74,1297.46,73.96
1981.6,1295.5,74.02
1986.51,1292.15,74.38
1992.37,1277.25,74.31
1988.4,1281.23,73.81
1997.92,1276.6,73.78
2000.02,1280.9,73.78
2000.12,1282.95,73.9
1996.74,1290,73.83
2003.37,1287.57,74.2
2002.28,1265.9,74.24
2000.72,1269.07,74.26
1997.65,1261.1,74.12
2007.71,1268.85,74.82
2001.54,1255.7,74.69
1988.44,1256.2,74.29
1995.69,1248.75,73.26
1997.45,1240.75,73.35
1985.54,1228.63,71.24
1984.13,1233,70.95
1998.98,1235.2,71.48
2001.57,1223.25,71.43
2011.36,1225.45,70.91
2010.4,1216.45,70.95
1994.29,1215.05,70.32
1982.77,1222.95,69.92
1998.3,1217.05,69.22
1965.99,1222.62,68.88
1982.85,1219.51,69.64
1977.8,1215.95,69.62
1972.29,1209.24,69.2
1946.16,1213.65,69.24
1946.17,1213.5,69.13
1967.9,1191.2,69.6
1964.82,1207.15,69.69
1935.1,1209,69.28
1968.89,1221.7,70.6
1928.21,1224.15,70.51
1906.13,1223.48,70.41
1874.74,1237.15,70.29
1877.7,1232.75,71.35
1862.49,1241.07,70.85
1862.76,1239.1,71.04
1886.76,1238.19,71.4
1904.01,1246.6,72.42
1941.28,1249.3,73.11
1927.11,1241.03,73.08
1950.82,1232.15,73.63
1964.58,1231.46,73.66
1961.63,1225.4,74.1
1985.05,1228.4,74.34
1982.3,1211.8,73.79
1994.65,1198.9,74.42
2018.05,1174.42,74.98
2017.81,1165.35,75.56
2012.1,1168.3,75.65
2023.57,1141.4,75.65
2031.21,1141.2,75.33
2031.92,1176.65,75.27
2038.26,1150.6,75.61
2039.68,1164.8,75.42
2038.25,1160.92,75.03
2039.33,1161.96,75.33
2039.82,1188.25,74.87
2041.32,1186.55,75.15
2051.8,1197.55,75.51
2048.72,1183.3,75.04
2052.75,1193.75,75.25
2063.5,1201.4,75.8
2069.41,1197.4,76.02
2067.03,1201.19,76.23
2072.83,1197.9,76.8
2067.56,1167.35,77.02
2053.44,1210.9,76.74
2066.55,1199.01,77.01
2074.33,1209.64,76.94
2071.92,1205.78,77.06
2075.37,1192.05,76.66
2060.31,1203.2,77
2059.82,1230.85,77.26
2026.14,1226.75,77.08
2035.33,1227.95,77.15
2002.33,1222.6,76.45
1989.63,1192.6,75.55
1972.74,1196.6,75.2
2012.89,1188.7,76.88
2061.23,1198.4,77.57
2070.65,1195.95,77.73
2078.54,1175.05,79.01
2082.17,1175.68,78.61
2081.88,1173.8,77.48
2088.77,1195.4,77.78
2090.57,1183.1,78.12
2080.35,1200.24,78.04
2058.9,1183.95,76.84
2058.2,1189.18,77.79
2020.58,1204.45,78.05
2002.61,1219.2,78.62
2025.9,1210.8,79.64
2062.14,1208.98,80.09
2044.81,1223.4,80.12
2028.26,1233.64,80.56
2023.03,1230.88,80.35
2011.27,1229.95,80.88
1992.67,1261.64,80.99
2019.42,1280.3,81.68
2022.55,1293.94,81.04
2032.12,1293.44,80.92
2063.15,1301.73,82.5
2051.82,1294.55,82.33
2057.09,1281.24,83.14
2029.55,1292.35,83.03
2002.16,1285.1,82.44
2021.25,1257.25,82.58
1994.99,1283.55,81.23
2020.85,1275.44,80.97
2050.03,1260.2,81.72
2041.51,1270.05,81.48
2062.52,1264.7,82.33
2055.47,1233.72,80.16
2046.74,1239.68,79.78
2068.59,1234,80.06
2068.53,1219.16,79.89
2088.48,1222.5,80.75
2096.99,1229.7,80.31
2100.34,1209.4,80.08
2099.68,1212.99,80.76
2097.45,1207.45,79.22
2110.3,1202.39,79.95
2109.66,1201.92,80.58
2115.48,1199.89,79.06
2113.86,1204.8,79.23
2110.74,1209.05,78.56
2104.5,1213.15,79.12
2117.39,1207.1,79.43
2107.78,1203.8,79.22
2098.53,1199.85,78.56
2101.04,1198.6,78.82
2071.26,1167.21,76.42
2079.43,1167.3,77.1
2044.16,1161.93,76.72
2040.24,1154.8,76.83
2065.95,1153.7,78.1
2053.4,1159.48,77.81
2081.19,1154.59,78.66
2074.28,1149.3,78.59
2099.5,1167.25,80.14
2089.27,1171.3,80.02
2108.1,1182.68,81.96
2104.42,1189.3,81.84
2091.5,1193.13,81.18
2061.05,1195.45,79.19
2056.15,1204.38,78.74
2061.02,1199.3,79.01
2086.24,1186.2,79.9
2067.89,1183.5,79.32
2059.69,1204.1,79.31
2066.96,1202.59,79.84
2080.62,1214.7,80.64
2076.33,1208.6,79.33
2081.9,1202.8,79.55
2091.18,1195.01,78.15
2102.06,1208.05,78.1
2092.43,1198.85,77.88
2095.84,1193.58,78.04
2106.63,1202.05,77.58
2104.99,1197.65,77.9
2081.18,1204.65,77.49
2100.4,1196.5,77.59
2097.29,1202.68,77.65
2107.96,1187.3,77.88
2112.93,1194,78.02
2117.69,1179.38,78.15
2108.92,1202,77.94
2114.76,1212.1,77.92
2106.85,1204.8,76.39
2085.51,1184.37,75.5
2108.29,1178.5,75.9
2114.49,1188.25,76.1
2089.46,1193.33,74.43
2080.15,1191.8,74.23
2088,1184.8,75.21
2116.1,1188.15,76.36
2105.33,1184.2,75.25
2099.12,1193.5,75.47
2098.48,1215.73,74.84
2121.1,1221.52,76.2
2122.73,1223.85,76.83
2129.2,1225.74,76.6
2127.83,1207.51,76.5
2125.85,1209.28,76.34
2130.82,1206.45,75.99
2126.06,1206.38,76.01
2104.2,1187.3,75.55
2123.48,1188.15,76.12
2120.79,1188.45,76.07
2107.39,1190.5,75.25
2111.73,1189.15,75.98
2109.6,1193.38,75.36
2114.07,1185.5,74.45
2095.84,1176.26,74.38
2092.83,1172,73.48
2079.28,1173.95,73.33
2080.15,1176.7,72.8
2105.2,1186.48,73.32
2108.86,1182.3,73.9
2094.11,1180.8,73.76
2084.43,1186.4,73.38
2096.29,1181.86,74
2100.44,1185.45,74.46
2121.24,1201.42,75.49
2109.99,1200.51,75
2122.85,1185.45,74.26
2124.2,1178.44,73.9
2108.58,1175.2,72.83
2102.31,1173.33,72.14
2101.49,1175.07,72.49
2057.64,1180.36,71.33
2063.11,1172.6,71.3
2077.42,1168.8,72.39
2076.78,1166.15,72.55
2068.76,1170.15,72.88
2081.34,1155.55,74
2046.68,1158.28,73.61
2051.31,1159.65,73.26
2076.62,1163.96,73.77
2099.6,1158,73.88
2108.95,1155.53,74.08
2107.4,1149.65,74.15
2124.29,1145.15,74.68
2126.64,1134.1,74.39
2128.28,1096.95,74.52
2119.21,1101.41,74.25
2114.15,1093.45,74.46
2102.15,1090.8,73.93
2079.65,1099.1,73.95
2067.64,1094.42,74.11
2093.25,1095.35,74.25
2108.57,1096.69,74.63
2108.63,1088.99,74.35
2103.84,1095.65,74.83
2098.04,1086.5,75.2
2093.32,1087.45,74.81
2099.84,1085.05,74.49
2083.56,1089.41,74.49
2077.57,1094.2,74.75
2104.18,1104.51,74.76
2084.07,1109.01,75.26
2086.05,1125.3,75.37
2083.39,1115.05,75.52
2091.54,1114.11,75.95
2102.44,1117.66,76.52
2096.92,1118.01,76.58
2079.61,1134.46,76.16
2035.73,1153.16,75.57
1970.89,1161.05,74.09
1893.21,1155.05,70.63
1867.61,1140.65,68.85
1940.51,1125.55,70.57
1987.66,1125.71,71.99
1988.87,1133.96,71.91
1972.18,1134.5,70.48
1913.85,1140.11,69.14
1948.86,1134.05,69.88
1951.13,1125.25,70.02
1921.22,1123,68.69
1969.41,1121.8,69.73
1942.04,1106.1,68.88
1952.29,1111.55,68.96
1961.05,1107.9,70.09
1953.03,1108.8,70.05
1978.09,1105.4,70.64
1995.31,1119.55,71.55
1990.2,1131.4,72.25
1958.03,1139.4,72.01
1966.97,1133.3,72.64
1942.74,1124.8,71.68
1938.76,1130.4,72.01
1932.24,1154.01,71.35
1931.34,1146.24,71.04
1881.77,1132.05,69.76
1884.09,1127.46,70.25
1920.03,1115,70.95
1923.82,1113.55,71.28
1951.36,1138.14,71.9
1987.05,1135.75,73.19
1979.92,1147.11,73.01
1995.83,1145.4,73.72
2013.43,1138.96,74.33
2014.89,1157.53,74.25
2017.46,1164,74.65
2003.69,1168.8,74.1
1994.24,1185.19,73.62
2023.86,1183.11,74.46
2033.11,1177.2,75.06
2033.66,1170.45,75.95
2030.77,1176.11,76.04
2018.94,1167.1,75.77
2052.51,1166.05,76.6
2075.15,1164.26,75.9
2071.18,1163.2,75.89
2065.89,1166.95,75.7
2090.35,1156.1,75.99
2089.41,1145.91,75.91
2079.36,1142.38,75.36
2104.05,1133.75,77.03
2109.79,1117.6,76.31
2102.31,1107.44,75.94
2099.93,1103.95,76.16
2099.2,1088.64,73.98
2078.58,1092.1,72.98
2081.72,1089.91,73.65
2075,1086.14,73.74
2045.97,1085.05,73.21
2023.04,1083.64,72.44
2053.19,1082.85,73.29
2050.44,1070.37,73.33
2083.58,1071.14,74.11
2081.24,1082.4,74.32
2089.17,1078.1,75.08
2086.59,1069.34,75.21
2089.14,1075.49,74.84
2088.87,1071.39,75.09
2090.11,1058.81,75.69
2080.41,1064.42,75.21
2102.63,1069.49,76.14
2079.51,1053.69,74.7
2049.62,1062.57,73.6
2091.69,1086.99,74.83
2077.07,1070.39,74.63
2063.59,1074.69,74.45
2047.62,1073.21,73.99
2052.23,1071.54,73.57
2012.37,1074.89,73.23
2021.94,1062.9,73.46
2043.41,1060.74,74.27
2073.07,1072.94,75.73
2041.89,1051.74,75.36
2005.55,1066.19,74.4
2021.15,1078.44,74.78
2038.97,1072.36,75.09
2064.29,1070.35,75.94
2060.99,1075.88,75
2056.5,1069.05,75.22
2078.36,1068.99,75.99
2063.36,1061.45,75.65
2043.94,1061.3,75.08
2012.66,1074.7,74.35
2016.71,1077.66,75.57
1990.26,1094.45,75.32
1943.09,1109.25,73.64
1922.03,1104.24,72.77
1923.67,1094.26,73.06
1938.68,1087.05,72.55
1890.28,1093.49,71.45
1921.84,1078,71.35
1880.33,1089.1,70.54
1881.33,1087.12,70.75
1859.33,1101.02,68.87
1868.99,1101.6,69.33
1906.9,1098.3,71.25
1877.08,1108.05,70.55
1903.63,1120.57,72.06
1882.95,1125.59,70.94
1893.36,1115.14,70.47
1940.24,1118.04,72
1939.38,1128.85,72.01
1903.03,1129.12,71.25
1912.53,1142.93,71.6
1915.45,1155.74,71.68
1880.05,1173.69,70.07
1853.44,1191.14,68.01
1852.21,1188.85,66.91
1851.86,1197.49,67.26
1829.08,1246.89,66.27
1864.78,1238.05,67.13
1895.58,1200.35,68.42
1926.82,1209.14,69.04
1917.83,1232.35,69.7
1917.78,1228.19,69.85
1945.5,1208.74,70.66
1921.27,1227.46,70.49
1929.8,1229.35,70.52
1951.7,1234.64,71.8
1948.05,1222.6,71.58
1932.23,1238.14,71.46
1978.35,1232.26,73.32
1986.45,1240.3,73.88
1993.4,1263.69,74.25
1999.99,1259.44,74.45
2001.76,1267.39,74.59
1979.26,1261.1,73.82
1989.26,1252.94,74.12
1989.57,1271.44,73.93
2022.19,1248.44,75.68
2019.64,1235.28,75.58
2015.93,1232.38,75.56
2027.22,1263.08,76.52
2040.59,1257.9,77.59
2049.58,1255.3,77.29
2051.6,1243.74,76.79
2049.8,1248.38,76.81
2036.71,1220.17,75.37
2035.94,1216.99,75.43
2037.05,1221.05,76.01
2055.01,1242.55,77.52
2063.95,1224.85,77.4
2059.74,1232.7,77.86
2072.78,1222.49,77.91
2066.13,1215.4,77.8
2045.17,1231.14,77.36
2066.66,1222.35,77.55
2041.91,1240.69,77.13
2047.6,1240.39,77.57
2041.99,1257.95,77.47
2061.72,1255.94,78
2082.42,1243.14,77.82
2082.78,1227.39,77.32
2080.73,1234.05,77.83
2094.34,1231.55,78.16
2100.8,1250.5,78.24
2102.4,1244.05,77.14
2091.48,1248.85,75.83
2091.58,1232.3,76.64
2087.79,1237.9,77.12
2091.7,1243.44,77.4
2095.15,1246.1,77.38
2075.81,1266.48,77.2
2065.3,1293.74,76.56
2081.43,1291.6,77.58
2063.37,1286,77.41
2051.12,1279.49,78.45
2050.63,1278.05,78.75
2057.14,1288.7,79.52
2058.69,1263.85,80.16
2084.39,1266.4,80.31
2064.46,1277.69,78.88
2064.11,1263.49,79.27
2046.61,1273.6,78.63
2066.66,1273.86,79.25
2047.21,1280,78.05
2047.63,1258.3,76.96
2040.04,1255.1,76.13
2052.32,1252.3,76.74
2048.04,1249.24,76.81
2076.06,1227,77.73
2090.54,1224.18,77.85
2090.1,1220.15,77.9
2099.06,1212.4,78.24
2096.96,1215.24,78.25
2099.33,1213.35,78.3
2105.26,1210.95,78.72
2099.13,1244.49,78.96
2109.41,1245.24,78.47
2112.13,1243.85,78.95
2119.12,1262.14,79.37
2115.48,1269.15,79.49
2096.07,1274.2,79.1
2079.06,1284.05,79.04
2075.32,1285.85,78.61
2071.5,1291.49,79.33
2077.99,1279.14,79.73
2071.22,1298.6,79.61
2083.25,1290.15,79.76
2088.9,1268.44,79.37
2085.45,1266.31,79.33
2113.32,1255.65,79.86
2037.41,1315.98,78.83
2000.54,1324.8,78.74
2036.09,1312.51,80.45
2070.77,1318.89,81.48
2098.86,1322.18,82.39
2102.95,1342.3,82.33
2088.55,1356.14,82.96
2099.73,1363.89,82.66
2097.9,1360.6,81.93
2129.9,1366.8,83.14
2137.16,1355.25,83.74
2152.14,1331.65,83.84
2152.43,1342.85,84.19
2163.75,1335.1,83.57
2161.74,1337.85,83.64
2166.89,1328.79,83.85
2163.78,1332.13,84.23
2173.02,1315.95,84.21
2165.17,1331.09,84.33
2175.03,1322.38,85.03
2168.48,1315.56,84.95
2169.18,1320.32,84.56
2166.58,1339.86,83.96
2170.06,1335.79,84.58
2173.6,1350.91,85.4
2170.84,1353.21,85.7
2157.03,1363.68,84.4
2163.79,1357.9,84.04
2164.25,1361.2,83.84
2182.87,1335.8,83.95
2180.89,1335.38,84.03
2181.74,1340.75,84.34
2175.49,1346.67,84.23
2185.79,1338.87,83.43
2184.05,1336.19,83.66
2190.15,1339.36,83.6
2178.15,1346.08,82.62
2182.22,1348.66,82.86
2187.02,1352.34,82.62
2183.87,1341.78,82.02
2182.64,1339.02,82.44
2186.9,1338.1,82.62
2175.44,1323.75,82.22
2172.47,1321.7,82.52
2169.04,1321.33,81.75
2180.38,1323.41,82.52
2176.12,1311.15,82.38
2170.95,1308.95,82.54
2170.86,1313.79,82.4
2179.98,1325.01,83.06
2186.48,1349.88,83.65
2186.16,1345.24,84.13
2181.3,1338.35,83.17
2127.81,1328.15,79.86
2159.04,1327.63,80.83
2127.02,1319.05,78.86
2125.77,1322.97,79.1
2147.26,1314.25,79.46
2139.16,1310.43,79.38
2139.12,1313.39,80.13
2139.76,1315.1,80
2163.12,1336.85,80.92
2177.18,1337.3,82.49
2164.69,1337.61,82.7
2146.1,1337.97,82.1
2159.93,1327.36,81.46
2171.37,1321.41,81.91
2151.13,1320.27,81.03
2168.27,1315.96,80.64
2161.2,1311.96,79.18
2150.49,1268.3,78.04
2159.73,1266.7,76.53
2160.77,1254.74,76.66
2153.74,1256.97,76.55
2163.66,1259.74,77
2136.73,1253.25,76.23
2139.18,1255.33,77.26
2132.55,1258.12,77.69
2132.98,1250.55,77.43
2126.5,1255.7,77.53
2139.6,1262.84,78.06
2144.29,1269.4,78.39
2141.34,1266,78.09
2141.16,1266.75,77.99
2151.33,1264.44,78.2
2143.16,1274.35,78.05
2139.43,1266.99,77.14
2133.04,1268.3,75.37
2126.41,1276.3,75.52
2126.15,1277.38,76.64
2111.72,1288.15,74.95
2097.94,1297.39,73.99
2088.66,1303.75,73.56
2085.18,1304.25,73.95
2131.52,1281.41,75.16
2139.56,1275.64,75.62
2163.26,1278,74.22
2167.48,1259.76,72.87
2164.45,1225.68,73.26
2164.2,1220.26,74.5
2180.39,1228.08,74.23
2176.94,1225.3,74.07
2187.12,1216.39,73.46
2181.9,1208.69,73.68
2198.18,1214.05,73.69
2202.94,1212.24,74.95
2204.72,1187.77,74.54
2213.35,1183.63,74.92
2201.72,1193.44,75.18
2204.66,1188.46,75.8
2198.81,1173.11,74.85
2191.08,1171.3,73.67
2191.95,1176.92,74.45
2204.71,1170.26,75.04
2212.23,1169.74,75.52
2241.35,1174,76.99
2246.19,1170.55,77.38
2259.53,1157.87,77.32
2256.96,1162.21,77.8
2271.72,1158.35,77.8
2253.28,1144.25,76.36
2262.03,1128.43,75.79
2258.07,1134.09,76.8
2262.53,1139.05,77.65
2270.76,1132.2,77.79
2265.18,1131.8,75.77
2260.96,1128.69,75.63
2263.79,1133.49,75.83
2268.88,1139.35,75.92
2249.92,1142.45,75.47
2249.26,1158.32,76.22
2238.83,1151.85,76.94
2257.83,1158.91,77.25
2270.75,1163.8,78.31
2269,1180.48,78.58
2276.98,1172.81,78.41
2268.9,1181.27,77.89
2268.9,1187.74,77.16
2275.32,1191.85,76.83
2270.44,1195.66,77.18
2274.64,1197.66,77.1
2267.89,1216.54,77.62
2271.89,1203.64,77.75
2263.69,1205.14,76.94
2271.31,1209.96,77.43
2265.2,1217.48,78.02
2280.07,1208.81,78.2
2298.37,1200.31,77.78
2296.68,1188.57,77.7
2294.69,1191.6,76.97
2280.9,1195.35,76.44
2278.87,1210.63,77.04
2279.55,1209.49,76.13
2280.85,1215.93,76.98
2297.42,1219.88,77.5
2292.56,1235.59,77.24
2293.08,1233.72,77.13
2294.67,1241.99,77.69
2307.87,1230.89,77.93
2316.1,1234.12,78.53
2328.25,1225.44,78.79
2337.58,1228.61,78.35
2349.25,1232.94,78.28
2347.22,1239.14,78.65
2351.16,1235.29,78.78
2365.38,1235.97,79.77
2362.82,1237.69,79.57
2363.81,1249.41,79.91
2367.34,1256.94,80.31
2369.75,1252.76,80.73
2363.64,1248.59,80.41
2395.96,1248.94,80.16
2381.92,1235.3,79.83
2383.12,1234.3,79.64
2375.31,1225.96,79.27
2368.39,1215.67,78.93
2362.98,1207.58,77.72
2364.87,1200.83,76.73
2372.6,1204.55,76.54
2373.47,1204.05,76.66
2365.45,1199.08,76.59
2385.26,1219.4,78
2381.38,1226.78,77.87
2378.25,1229.15,78.2
2373.47,1233.9,78.17
2344.02,1245,77.92
2348.45,1249.35,77.96
2345.96,1245.3,78.54
2343.98,1244.17,77.74
2341.59,1254.3,77.21
2358.57,1251.63,77.55
2361.13,1252.45,77.89
2368.06,1243.3,78.12
2362.72,1249.13,78.49
2358.84,1253.35,78.56
2360.16,1256.22,78.49
2352.95,1255.3,78.51
2357.49,1251.8,79.05
2355.54,1254.05,79.14
2357.16,1254.73,79.69
2353.78,1274.44,80.13
2344.93,1286.6,79.95
2328.95,1287.74,79.79
2349.01,1284.8,80.79
2342.19,1289.64,80.98
2338.17,1279.66,80.85
2355.84,1281.85,80.9
2348.69,1284.5,80.58
2374.15,1275.3,79.88
2388.61,1263.76,80.11
2387.45,1269.05,79.58
2388.77,1264.6,79.67
2384.2,1268.15,78.93
2388.33,1256.8,79.41
2391.17,1256.9,79.21
2388.13,1238.38,78.26
2389.52,1227.75,77.92
2399.29,1227.74,78.67
2399.38,1226.3,78.22
2396.92,1221.3,77.8
2399.63,1219.15,78.22
2394.44,1224.85,77.8
2390.9,1228.83,77.59
2402.32,1230.71,77.87
2400.67,1236.8,77.43
2357.03,1260.74,77.84
2365.72,1247.05,78.05
2381.73,1255.55,78.51
2394.02,1260.46,78.74
2398.42,1251.16,78.92
2404.39,1258.55,79.45
2415.07,1255.76,79.62
2415.82,1267.05,79.13
2412.91,1263.1,78.82
2411.8,1268.59,78.84
2430.06,1265.64,79.16
2439.07,1279.98,79.94
2436.1,1279.95,79.69
2429.33,1294,79.29
2433.14,1286.91,79.62
2433.79,1278.9,79.49
2431.77,1266.4,80
2429.39,1265.74,80.53
2440.35,1265.85,80.7
2437.92,1261.18,80.96
2432.46,1254,81.24
2433.15,1253.63,81.19
2453.46,1243.25,81.33
2437.03,1243.19,81.06
2435.61,1246.55,80.74
2434.5,1250.62,80.9
2438.3,1256.9,81.22
2439.07,1244.45,81.74
2419.38,1247.1,80.54
2440.69,1249.32,80.65
2419.7,1245.74,79.77
2423.41,1241.6,79.77
2429.01,1220.46,80.62
2432.54,1226.95,79.71
2409.75,1225.15,78.32
2425.18,1212.9,78.7
2427.43,1214.35,78.12
2425.53,1217.69,78.03
2443.25,1220,79.01
2447.83,1217.45,79.04
2459.27,1228.98,79.84
2459.14,1234.4,80.16
2460.61,1242.46,79.96
2473.83,1240.87,80.6
2473.45,1244.74,80.28
2472.54,1254.9,80.45
2469.91,1255.24,80.24
2477.13,1249.05,80.34
2477.83,1261.1,80.77
2475.42,1259,80.84
2472.1,1269.25,80.67
2470.3,1269.55,80.66
2476.35,1269.05,81.02
2477.57,1266.7,80.51
2472.16,1268.65,80.23
2476.83,1258.6,80.5
2480.91,1257.69,80.56
2474.92,1260.64,80.12
2474.02,1277.55,79.98
2438.21,1286.9,79.37
2441.32,1289.21,78.99
2465.84,1281.95,80.2
2464.61,1272.13,79.97
2468.11,1283.1,80.32
2430.01,1288.01,79.77
2425.55,1284.5,79.18
2428.37,1291.22,79.89
2452.51,1284.72,79.82
2444.04,1290.62,80.48
2438.97,1286.33,80.4
2443.05,1291.15,80.78
2444.24,1310.49,80.37
2446.3,1309.5,80.25
2457.59,1308.76,80.68
2471.65,1322.07,81.2
2476.55,1324.97,81.21
2457.85,1339.33,81.04
2465.54,1334.14,81.2
2465.1,1349.2,81.73
2461.43,1346.71,81.68
2488.11,1327.32,82.37
2496.48,1331.94,81.54
2498.37,1323.25,81.24
2495.62,1329.83,81.74
2500.23,1319.62,82.08
2503.87,1307.57,81.64
2506.65,1311.28,81.01
2508.24,1301.15,80.81
2500.6,1291.39,80.55
2502.22,1297.38,80.07
2496.66,1310.55,80.5
2496.84,1293.89,79.84
2507.04,1281.12,79.2
2510.06,1287.3,79.79
2519.36,1279.45,79.88
2529.12,1271.12,79.72
2534.58,1271.75,79.78
2537.74,1274.69,80.29
2552.07,1268.05,80.54
2549.33,1276.03,80.25
2544.73,1284.1,80.41
2550.64,1287.85,80.52
2555.24,1291.8,80.86
2550.93,1293.6,81.39
2553.17,1304.88,81.57
2557.64,1294.74,81.16
2559.36,1285.19,81.23
2561.26,1281.17,81.14
2562.1,1289.79,81.08
2575.21,1280.72,80.82
2564.98,1282.07,80.44
2569.13,1276.72,80.04
2557.15,1277.41,79.73
2560.4,1267.11,79.24
2581.07,1273.35,79.6
2572.83,1276.24,79.77
2575.26,1271.58,79.92
2579.36,1274.39,79.98
2579.85,1275.99,80.48
2587.84,1269.85,80.43
2591.13,1281.55,81.36
2590.64,1275.53,81.94
2594.38,1281.3,82.49
2584.62,1285.3,82.46
2582.3,1276.14,82.51
2584.84,1277.99,82.81
2578.87,1280.71,82.68
2564.62,1278.8,81.97
2585.64,1278.47,82.52
2578.85,1294.37,82.14
2582.14,1276.7,81.97
2599.03,1280.48,82.56
2597.08,1292.12,82.33
2602.42,1288.22,82.5
2601.42,1294.5,82.16
2627.04,1294.01,81.98
2626.07,1283.57,81.88
2647.58,1274.76,81.97
2642.22,1280.26,82.12
2639.44,1276.23,81.49
2629.57,1266.55,81.01
2629.27,1263.94,80.98
2636.98,1246.7,81.31
2651.5,1248.14,81.58
2659.99,1241.96,81.67
2664.11,1243.85,82
2662.85,1255.45,82.17
2652.01,1252.85,82.12
2675.81,1255.26,82.46
2690.16,1261.69,82.92
2681.47,1261.72,80.47
2679.25,1265.62,79.63
2684.57,1266.76,79.34
2683.34,1275.01,79.84
2680.5,1283.29,80.23
2682.62,1287.41,80.52
2687.54,1294.84,80.99
2673.61,1302.55,81.01
2695.81,1318.14,80.6
2713.06,1312.84,80.47
2723.99,1322.97,79.21
2743.15,1320.21,79.29
2747.71,1320.58,79.74
2751.29,1312.66,78.82
2748.23,1317.19,77.86
2767.56,1322.42,77.59
2786.24,1338.4,76.96
2776.42,1338.61,77.17
2802.56,1327.73,77.72
2798.03,1327.19,76.96
2810.3,1331.8,77.46
2832.97,1334.11,78.09
2839.13,1341.39,79.17
2837.54,1358.15,78.89
2839.25,1348.05,78.74
2872.87,1350.14,78.77
2853.53,1340.35,77.76
2822.43,1338.55,77.34
2823.81,1345.1,78.56
2821.98,1349.19,77.25
2762.13,1332.98,76.46
2648.94,1339.6,74
2695.14,1325.02,74.26
2681.66,1318.49,73.97
2581,1318.97,71.79
2619.55,1316.69,73.28
2656,1322.88,73.5
2662.94,1329.55,74.06
2698.63,1350.76,73.7
2731.2,1353.3,74.43
2732.22,1347.86,75.06
2716.26,1329.49,74.13
2701.33,1324.26,72.9
2703.96,1331.51,73.58
2747.3,1328.94,74.83
2779.6,1333.16,75.09
2744.28,1318.2,73.51
2713.83,1318.05,73.33
2677.67,1316.55,73.1
2691.25,1322.2,72.97
2720.94,1320.02,73.79
2728.12,1334.46,74.26
2726.8,1325.54,74.64
2738.97,1322.34,75.02
2786.57,1323.7,75.49
2783.02,1323.05,75.87
2765.31,1326.4,75.99
2749.48,1325,76.05
2747.33,1316.26,76.03
2752.01,1314,76.48
2712.92,1316.94,75.77
2716.94,1311.21,75.71
2711.93,1332.18,75.13
2643.69,1328.95,74.08
2588.26,1347.22,72.9
2658.55,1353.46,73.82
2612.62,1344.71,74.02
2605,1324.99,75.45
2640.87,1325,75.47
2581.88,1341.35,74.43
2614.45,1332.82,74.92
2644.69,1333.34,75.76
2662.84,1326.55,75.83
2604.47,1333.19,75.15
2613.16,1336.24,75.02
2656.87,1340.05,74.73
2642.19,1353.29,74.9
2663.99,1335.48,74.19
2656.3,1345.46,74.45
2677.84,1345.92,74.81
2706.39,1347.29,75.78
2708.64,1349.32,75.65
2693.13,1345.6,74.57
2670.14,1335.13,73.93
2670.29,1325,73.98
2634.56,1330.68,74.16
2639.4,1323.33,74
2666.94,1317.28,74.9
2669.91,1322.8,75.87
2648.05,1315.35,75.64
2654.8,1303.97,76.17
2635.67,1304.84,75.91
2629.73,1312.09,75.94
2663.42,1315.05,76.74
2672.63,1314.3,77.16
2671.92,1314.47,76.78
2697.79,1312.78,77.25
2723.07,1321.4,77.96
2727.72,1318.22,77.64
2730.13,1312.82,77.07
2711.45,1290.65,75.93
2722.46,1291.03,75.71
2720.13,1291,75.32
2712.97,1292.5,75.49
2733.01,1292.68,76.3
2724.44,1291.32,76.4
2733.29,1293.75,77.05
2727.76,1304.88,76.86
2721.33,1301.61,77.12
2689.86,1298.85,77.35
2724.01,1301.48,78.33
2705.27,1298.32,78.19
2734.62,1293.15,78.46
2746.87,1291.98,79.15
2748.8,1296.14,79.05
2772.35,1297,79.14
2770.37,1297.13,79.19
2779.03,1298.75,79.42
2782,1300.15,79.44
2786.85,1295.97,79.84
2775.63,1299.71,78.23
2782.49,1302.22,79.01
2779.66,1279.84,79.09
2773.75,1278.31,79.02
2762.59,1274.77,79.01
2767.32,1268.1,79.78
2749.76,1267.2,80.19
2754.88,1269.28,80.7
2717.07,1266,80.42
2723.06,1258.98,79.96
2699.63,1252.02,79.53
2716.31,1248.28,80.38
2718.37,1253,80.58
2726.71,1241.97,80.1
2713.22,1252.93,80.7
2736.61,1257.76,81.75
2759.82,1254.98,82.09
2784.17,1257.77,81.36
2793.84,1255.65,81.61
2774.02,1242.16,81.36
2798.29,1247.15,81.6
2801.31,1241.52,81.32
2798.43,1240.82,80.95
2809.55,1227.52,80.52
2815.62,1227.18,80.14
2804.49,1222.8,80.95
2801.83,1231.77,80.27
2806.98,1224.54,80.07
2820.4,1224.55,79.68
2846.07,1231.61,80.33
2837.44,1222.68,80.55
2818.82,1223.38,79.77
2802.6,1221.8,79.88
2816.29,1223.83,81.25
2813.36,1216.06,81.52
2827.22,1207.96,81.25
2840.35,1213.43,82.21
2850.4,1206.94,82.16
2858.45,1211.02,81.87
2857.7,1213.6,81.38
2853.58,1212.34,81.48
2833.28,1211.3,80.75
2821.93,1193.64,80.71
2839.96,1194.03,81.15
2818.37,1174.88,81.76
2840.69,1174.16,82.42
2850.13,1184.77,83.16
2857.05,1190.53,83.29
2862.96,1196.13,82.73
2861.82,1195.51,82.27
2856.98,1185.31,82.09
2874.69,1205.96,82.51
2896.74,1211.34,82.36
2897.52,1201.26,83.24
2914.04,1206.66,83.16
2901.13,1199.88,82.87
2901.52,1201.09,83.18
2896.72,1191.35,82.3
2888.6,1196.75,82.68
2878.05,1200.15,83
2871.68,1195.85,81.99
2877.13,1195.88,82.51
2887.89,1198.29,82.34
2888.92,1206.19,82.41
2904.18,1201.44,82.9
2904.98,1193.71,82.23
2888.8,1200.93,82.52
2904.31,1198.35,82.23
2907.95,1203.98,81.14
2930.75,1207.58,81.95
2929.67,1199.55,81.91
2919.37,1198.85,80.47
2915.56,1201.31,80.34
2905.97,1194.46,78.83
2914,1182.8,79.04
2913.98,1192.09,80.02
2924.59,1188.46,79.36
2923.43,1203.1,79.25
2925.51,1197.37,78.7
2901.61,1199.66,77.91
2885.57,1202.85,77.81
2884.43,1188.01,78.84
2880.34,1189.62,79.01
2785.68,1194.78,77.82
2728.37,1224.33,75.7
2767.13,1217.93,75.55
2750.79,1226.94,75.96
2809.92,1224.43,77.61
2809.21,1222.68,77.23
2768.78,1225.75,77.14
2767.78,1226.31,77.73
2755.88,1222.17,76.71
2740.69,1230.48,77.2
2656.1,1234.22,77.76
2705.57,1232.23,78.72
2658.69,1233.58,76.87
2641.25,1229.74,77.76
2682.63,1223.44,78.93
2711.74,1214.54,78.11
2740.37,1233.23,78.4
2723.06,1232.89,77.73
2738.31,1231.3,78.87
2755.45,1226.8,79.21
2813.89,1226.1,80.21
2806.83,1223.54,80.24
2781.01,1209.59,80.35
2726.22,1200.65,80.26
2722.18,1202.34,80.33
2701.58,1210.91,80.19
2730.2,1213,79.69
2736.27,1221.47,80.65
2690.73,1224.05,80.65
2641.89,1221.55,79.79
2649.93,1226.02,79.9
2632.56,1223.19,79.63
2673.45,1222.37,79.91
2682.17,1214.69,80.16
2743.79,1221.11,80.87
2737.76,1223.99,80.98
2760.17,1221.96,81.78
2790.37,1231.07,82.16
2700.06,1238.55,80.89
2695.95,1237.99,82.92
2633.08,1248.09,81.75
2637.72,1244.58,81.29
2636.78,1242.94,81.35
2651.07,1245.8,80.01
2650.54,1242.46,80.49
2599.95,1238.21,80.33
2545.94,1245.91,76.91
2546.16,1249.38,77.6
2506.96,1243.4,76.75
2467.42,1260.15,75.63
2416.62,1256.01,74.69
2351.1,1269.13,72
2467.7,1266.98,74.36
2488.83,1275.22,74.48
2485.74,1280.75,74.71
2506.85,1282.82,74.94
2510.03,1284.77,73.32
2447.89,1293.99,73.79
2531.94,1284.92,74.58
2549.69,1288.67,75.33
2574.41,1285.35,76.7
2584.96,1293.13,76.6
2596.64,1286.38,77.66
2596.26,1288,77.93
2582.61,1291.73,77.68
2610.3,1289.31,78.45
2616.1,1293.52,78.94
2635.96,1291.9,79.36
2670.71,1281.49,79.66
2632.9,1285.04,79.43
2638.7,1282.4,79.43
2642.33,1280.94,79.71
2664.76,1303.22,80.64
2643.85,1303.53,81.37
2640,1311.93,82.02
2681.05,1319.91,82.67
2704.1,1320.94,83.54
2706.53,1318,82.97
2724.87,1311.75,83.53
2737.7,1315.02,84.04
2731.61,1306.22,83.46
2706.05,1310.09,84.1
2707.88,1314.06,84.12
2709.8,1308.32,84.36
2744.73,1310.9,83.87
2753.03,1306.19,84.26
2745.73,1312.55,84.53
2775.6,1321.41,85.05
2779.76,1341.17,85.07
2784.7,1338.49,84.47
2774.88,1323.49,84.54
2792.67,1327.8,84.99
2796.11,1327.13,84.37
2793.9,1328.96,84.14
2792.38,1319.88,83.9
2784.49,1313.05,84.15
2803.69,1293.56,83.97
2792.81,1286.67,84.32
2789.65,1287.43,84.58
2771.45,1286.76,84.17
2748.93,1285.74,84.02
2743.07,1298.4,84.1
2783.3,1294.25,85.34
2791.52,1302.01,85.69
2810.92,1309.28,86.08
2808.48,1296.28,86.21
2822.48,1301.38,86.01
2832.94,1303.7,85.53
2832.57,1306.55,85.28
2824.23,1312.48,84.96
2854.88,1309.45,86.4
2800.71,1313.38,85.88
2798.36,1321.9,85.9
2818.46,1315.52,86.54
2805.37,1309.86,86.36
2815.44,1290.55,87.11
2834.4,1292.15,87.04
2867.19,1287.67,87.01
2867.24,1293.15,87.57
2873.4,1289.91,87.48
2879.39,1292.38,87.35
2892.74,1291.7,87.95
2895.77,1297.42,87.43
2878.2,1304.14,87.01
2888.21,1308.05,87.8
2888.32,1292.59,87.71
2907.41,1290.4,88.17
2905.58,1287.89,87.72
2907.06,1276.57,85.84
2900.45,1274.14,85.06
2905.03,1275.4,85.64
2907.97,1274.93,84.8
2933.68,1272.4,85.81
2927.25,1275.36,86.37
2926.17,1277.35,86.2
2939.88,1286.25,86.85
2943.03,1279.8,86.02
2945.83,1283.6,87
2923.73,1276.6,86.94
2917.52,1270.54,86.97
2945.64,1279.19,87.66
2932.47,1280.32,87.37
2884.05,1285.15,85.78
2879.42,1280.93,85.77
2870.72,1284.14,85.97
2881.4,1286,86.88
2811.87,1299.91,86.78
2834.41,1297.03,87.14
2850.96,1296.67,87.71
2876.32,1286.65,88.23
2859.53,1277.55,87.98
2840.23,1277.74,86.68
2864.36,1274.97,87.41
2856.27,1273.61,87.72
2822.24,1283.45,87.84
2826.06,1284.9,88.13
2802.39,1279.49,87.2
2783.02,1279.6,86.16
2788.86,1288.85,86.51
2752.06,1305.65,86.87
2744.45,1325.17,87.21
2803.27,1325.28,86.93
2826.15,1330.18,88.75
2843.49,1335.55,88.88
2873.34,1340.7,89.15
2886.73,1328.13,88.88
2885.72,1326.91,89.03
2879.84,1333.55,89.32
2891.64,1342.35,89.65
2886.98,1341.58,89.8
2889.67,1339.54,90.07
2917.75,1346.48,89.91
2926.46,1360.27,90.47
2954.18,1388.18,90.87
2950.46,1399.05,89.72
2945.35,1419.55,89.16
2917.38,1423.25,88.02
2913.78,1408.75,86.36
2924.92,1409.68,87.36
2941.76,1409.5,87.31
2964.33,1384.31,87.61
2973.01,1418.44,88.98
2995.82,1418.94,90.16
2990.41,1399.95,89.75
2975.95,1395.5,90.04
2979.63,1397.9,90.48
2993.07,1419,90.96
2999.91,1404,89.94
3013.77,1415.74,89.78
3014.3,1414.08,89.78
3004.04,1406.33,89.57
2984.42,1426.8,89.21
2995.11,1446.3,89.23
2976.61,1425.3,87.92
2985.03,1425.12,87.76
3005.47,1417.39,88.65
3019.56,1425.9,88.9
3003.67,1414.53,88.49
3025.86,1418.69,88.79
3020.97,1426.94,89.05
3013.18,1430.85,89.69
2980.38,1413.8,89.39
2953.56,1445.31,89.3
2932.05,1440.7,89.7
2844.74,1463.8,88.09
2881.77,1474.27,89.02
2883.98,1501.2,89.95
2938.09,1500.95,91.46
2918.65,1497.24,91.45
2883.75,1511.41,91.1
2926.32,1501.39,91.2
2840.6,1516.33,89.72
2847.6,1523.2,90.71
2888.68,1514.15,91.5
2923.65,1495.3,92.19
2900.51,1507.1,91.5
2924.43,1502.3,91.84
2922.95,1498.8,92.35
2847.11,1526.85,91.08
2878.38,1526.35,91.75
2869.16,1542.65,91.4
2887.94,1539.1,91.61
2924.58,1527.7,92.34
2926.46,1520.25,92.46
2906.27,1547,93.36
2937.78,1552.6,94.09
2976,1519.35,93.5
2978.71,1506.95,93.68
2978.43,1498.95,93.07
2979.39,1486.4,92.08
3000.93,1497.6,92.17
3009.57,1498.95,92.62
3007.39,1488.7,91.54
2997.96,1498.8,92.48
3005.7,1503.1,93.49
3006.73,1493.9,93.16
3006.79,1499.2,93.61
2992.07,1517.15,93.57
2991.78,1522.11,93.71
2966.6,1532.3,92.93
2984.87,1504.15,93
2977.62,1505.8,93.76
2961.79,1496.94,93.19
2976.74,1472.25,93.54
2940.25,1478.98,92.55
2887.61,1499.51,92.19
2910.63,1505,93.09
2952.01,1504.6,93.59
2938.79,1493.6,93.33
2893.06,1505.51,92.85
2919.4,1505.7,93.15
2938.13,1494.3,93.33
2970.27,1489.85,93.26
2966.15,1492.9,93.28
2995.68,1481.17,93.33
2989.69,1489.77,93.4
2997.95,1491.89,93.92
2986.2,1490.1,94.67
3006.72,1484.5,95.36
2995.99,1488.05,95.05
3004.52,1492.1,95.18
3010.29,1503.65,95.06
3022.55,1504.73,94.09
3039.42,1492.69,93.58
3036.89,1487.6,93.9
3046.77,1495.4,94.42
3037.56,1513.35,94.26
3066.91,1513.95,94.19
3078.27,1509.63,93.46
3074.62,1484.1,91.94
3076.78,1490.46,92.21
3085.18,1468.07,91.33
3093.08,1458.66,91.16
3087.01,1455.9,91.37
3091.84,1457.19,90.73
3094.04,1463.19,91.47
3096.63,1471.2,92.2
3120.46,1467.37,92.69
3122.03,1470.85,93.17
3120.18,1472.38,93.29
3108.46,1471.25,93.27
3103.54,1464.4,91.99
3110.29,1462.29,91.69
3133.64,1454.97,92.05
3140.52,1461.6,93.16
3153.63,1454.35,93.46
3140.98,1464.8,93.2
3113.87,1462.44,91.82
3093.2,1477.34,92.38
3112.76,1474.35,92.74
3117.43,1475.7,92.82
3145.91,1459.76,92.98
3135.96,1461.99,93.17
3132.52,1464.21,92.61
3141.63,1474.85,91.71
3168.57,1469.43,90.51
3168.8,1475.81,90.6
3191.45,1476.25,90.29
3192.52,1476.45,89.52
3191.14,1475.44,90.68
3205.37,1479.15,91.43
3221.22,1478.2,92
3224.01,1485.52,91.48
3223.38,1499.56,91.73
3239.91,1511.55,92.22
3240.02,1510.67,92.47
3221.29,1515.22,92.54
3230.78,1517.4,93.08
3257.85,1528.94,92.05
3234.85,1551.65,92.71
3246.28,1565.96,92.79
3237.18,1573.99,91.85
3253.05,1555.81,92.07
3274.7,1552.37,92.12
3265.35,1562.28,92.92
3288.13,1548.3,93.91
3283.15,1546.37,93.55
3289.29,1556.19,94.38
3316.81,1552.79,95.08
3329.62,1556.61,95.19
3320.79,1558.02,96.16
3321.75,1558.92,95.61
3325.54,1563.32,96.18
3295.47,1570.65,95.96
3243.63,1581.94,95.5
3276.24,1566.24,95.91
3273.4,1577.12,95.61
3283.66,1574.21,95.73
3225.52,1590.2,94.57
3248.92,1576.45,94.86
3297.59,1552.56,95.83
3334.69,1556.7,95.85
3345.78,1566.85,96.21
3327.71,1570.29,96.17
3352.09,1572.3,97.14
3357.75,1567.71,97.93
3379.45,1565.63,98.71
3373.94,1576.39,99.38
3380.16,1584.7,100.28
3370.29,1601.92,100.28
3386.15,1611.64,100.21
3373.23,1619.7,98.95
3337.75,1643.7,100.02
3225.89,1660.72,100.21
3128.21,1635.38,98.87
3116.39,1639.96,96.22
2978.76,1642.35,95.21
2954.22,1585.13,90.22
3090.23,1590.73,87.4
3003.37,1639.77,91.61
3130.12,1635.83,91.62
3023.94,1670.61,95.12
2972.37,1674.23,93.05
2746.56,1680.2,91.47
2882.23,1649.36,84.69
2741.38,1635.03,87.96
2480.64,1577.08,82.84
2711.02,1529.7,74.77
2386.13,1514.61,81.15
2529.19,1528.57,67.46
2398.1,1486.3,70.63
2409.39,1471,63.68
2304.92,1498.24,63.71
2237.4,1553.81,60.92
2447.33,1622.03,57.84
2475.56,1613.79,62.47
2630.07,1632.39,65.27
2541.47,1623.5,70.11
2626.65,1623.3,70.2
2584.59,1571.31,71.6
2470.5,1595.05,69.57
2526.9,1613.79,64.98
2488.65,1618.45,65.26
2663.68,1663,64.24
2659.41,1648.95,69.06
2749.98,1646.52,69.73
2789.82,1684.07,74.72
2761.63,1714.32,78.88
2846.06,1729.7,75.67
2783.36,1716.6,77.67
2799.55,1718.4,74.73
2874.56,1684.69,73.89
2823.16,1694.11,76.09
2736.56,1687.02,73.33
2799.31,1714.82,71.99
2797.8,1731.58,73.14
2836.74,1729.43,72.47
2878.48,1715.57,72.77
2863.39,1708.64,75.07
2939.51,1712.39,75.75
2912.43,1685.05,76.91
2830.71,1700.41,76.05
2842.74,1701.69,73.47
2868.44,1707.17,73.25
2848.42,1685.89,73.6
2881.19,1717.94,72.38
2929.8,1702.65,73.34
2930.32,1697.35,75.09
2870.12,1702.72,74.03
2820,1715.99,70.63
2852.5,1730.65,68.96
2863.7,1743,69.28
2953.91,1732.32,68.96
2922.94,1745.11,72.98
2971.61,1749.5,72.16
2948.51,1726.33,72.86
2955.45,1736.07,72.76
2991.77,1712.45,73.75
3036.13,1709.26,76.44
3029.73,1719.4,77.91
3044.31,1728.3,78.23
3055.73,1740.33,77.42
3080.82,1727.96,79.21
3122.87,1698.64,79.92
3112.35,1711.83,82.32
3193.93,1685.83,81.62
3232.39,1697.96,84.59
3207.18,1714.57,86.82
3190.14,1737.1,85.42
3002.1,1727.51,83.24
3041.31,1730.8,77.98
3066.59,1725.53,80.77
3124.74,1727.46,81.16
3113.49,1727.04,82.76
3115.34,1722.99,81.64
3097.74,1743.61,80.77
3117.86,1755.44,79.75
3131.29,1767.54,79.6
3050.33,1762.43,79.36
3083.76,1761.81,77.09
3009.05,1771.47,78.04
3053.24,1772.28,76.49
3100.29,1781.67,77.92
3115.86,1770.31,78.81
3130.01,1776.14,80.58
3179.72,1783.9,80.33
3145.32,1795.26,80.34
3169.94,1810.78,78.81
3152.05,1803.19,78.73
3185.04,1798.9,78.29
3155.22,1803.39,78.51
3197.52,1807.79,77.54
3226.56,1811.9,78.13
3215.57,1797.05,78.94
3224.73,1809.9,78.08
3251.84,1816.09,79.06
3257.3,1842.22,78.12
3276.02,1872.07,78.32
3235.66,1887.44,79.52
3215.63,1901.46,79.11
3239.41,1942.42,78.51
3218.44,1959.51,79.42
3258.44,1970.73,80.84
3246.22,1960.5,82.65
3271.12,1975.9,82.23
3294.61,1977.26,82.06
3306.51,2018.07,82.01
3327.77,2039.4,81.7
3349.16,2063.19,81.71
3351.28,2034.62,82.82
3360.47,2027.26,83.02
3333.69,1911.25,81.82
3380.35,1917.82,82.61
3373.43,1953.03,81.67
3372.85,1943.76,81.68
3381.99,1986.45,82.32
3389.78,2000.95,81.93
3374.85,1929.54,80.46
3385.51,1942.6,81.19
3397.16,1939.4,81.31
3431.28,1932.45,81.95
3443.62,1927.94,82.15
3478.73,1953.45,81.38
3484.55,1928.91,82.54
3508.01,1964.49,83.05
3500.31,1969.75,82.25
3526.65,1970.14,82.34
3580.84,1942.62,83.84
3455.06,1930.52,82.8
3426.96,1932.45,82.42
3331.84,1930.93,81.39
3398.96,1946.66,82.13
3339.19,1954.07,81.03
3340.97,1941.5,80.58
3383.54,1956.37,82.74
3401.2,1955.52,83.7
3385.49,1959.32,84.15
3357.01,1942.6,82.57
3319.47,1949.69,80.79
3281.06,1912.57,78.54
3315.57,1899.28,79.46
3236.92,1863.55,76.71
3246.59,1868.04,77.05
3298.46,1860.05,78.61
3351.6,1880.85,80.18
3335.47,1897.69,79.58
3363,1885.44,79.84
3380.8,1905.05,81.38
3348.44,1898.7,82.68
3408.63,1912.9,83.14
3360.95,1877.13,82.62
3419.45,1887.22,82.71
3446.83,1893.09,84.01
3477.13,1929.43,83.65
3534.22,1921.95,84.15
3511.93,1890.82,82.8
3488.67,1900.89,81.83
3483.34,1907.82,82.17
3483.81,1898.97,81.66
3426.92,1904.27,80.34
3443.12,1906.39,80.94
3435.56,1924.49,80.62
3453.49,1904.04,80.52
3465.39,1900.79,81.01
3400.97,1901.69,79.98
3390.68,1906.83,78.8
3271.03,1877.06,76.87
3310.11,1867.13,78.04
3269.96,1877.95,77.51
3310.24,1895.1,79.46
3369.16,1908.36,80.99
3443.44,1903.21,81.16
3510.45,1948.56,81.42
3509.44,1951.51,80.96
3550.5,1861.86,83.3
3545.53,1876.5,84.23
3572.66,1864.71,84.77
3537.01,1875.76,83.75
3585.15,1888.04,85.94
3626.91,1888.52,86.64
3609.53,1878.6,86.71
3567.79,1871.41,85.15
3581.87,1867.37,85.32
3557.54,1870.49,84.92
3577.59,1835.85,84.85
3635.41,1807.51,85.09
3629.65,1805.3,85.16
3638.35,1788.13,84.9
3621.63,1777.02,84.16
3662.45,1814.87,85.12
